name,volume,price,created_at,updated_at
ethanol,542,1.74,2024-08-20 23:09:30,2023-02-17 14:05:18
ethanol,8765,0.71,2024-01-11 05:04:37,2023-04-22 04:20:57
petrol,2085,1.75,2023-06-10 09:41:08,2023-09-09 11:02:59
petrol,4127,1.01,2024-08-18 16:30:08,2024-12-18 04:55:23
diesel,9830,1.89,2023-12-10 11:38:03,2024-09-02 10:53:26
diesel,5290,0.09,2024-01-03 22:30:30,2024-09-14 01:36:42
petrol,9710,0.11,2023-04-28 05:11:58,2023-12-19 20:05:32
petrol,7270,0.57,2023-02-20 19:11:30,2024-09-09 12:09:01
petrol,3774,0.58,2024-01-01 07:54:30,2023-05-05 03:13:59
diesel,9682,1.13,2024-08-01 20:29:09,2023-03-06 09:50:38
petrol,7982,0.97,2024-06-17 20:32:55,2024-11-13 13:14:26
petrol,6444,0.73,2023-08-12 10:48:09,2023-04-22 01:45:42
petrol,7223,1.38,2024-04-09 13:41:47,2025-01-07 09:26:03
petrol,8229,1.56,2024-05-08 23:20:16,2024-07-11 00:38:13
diesel,7385,1.69,2023-11-06 16:17:54,2024-02-18 23:32:18
diesel,5459,1.54,2023-04-24 08:06:52,2024-07-24 22:16:11
petrol,3059,1.63,2024-04-11 09:46:10,2024-01-16 04:26:12
petrol,7312,0.86,2024-10-15 06:36:02,2024-01-24 14:26:53
ethanol,1638,1.07,2024-09-02 20:20:10,2023-06-19 09:41:32
diesel,2653,1.62,2024-10-13 20:54:33,2024-06-28 02:33:15
petrol,9532,1.87,2023-11-22 13:33:31,2024-02-20 13:20:37
petrol,3048,1.5,2024-05-15 12:18:05,2023-07-04 09:23:47
petrol,5877,1.14,2023-09-21 04:38:02,2024-11-05 09:34:35
petrol,868,1.77,2023-10-30 03:09:00,2024-08-09 10:05:28
ethanol,3838,1.96,2023-01-27 20:11:55,2023-06-06 20:15:33
ethanol,480,0.62,2023-02-20 06:50:19,2023-02-20 13:02:48
petrol,7846,1.74,2024-05-18 22:38:26,2024-02-03 23:17:44
petrol,6709,0.78,2023-08-29 02:39:01,2024-11-02 05:55:53
ethanol,5410,1.54,2024-07-02 18:28:06,2024-10-09 20:52:53
petrol,2440,1.14,2024-08-07 09:52:02,2023-12-02 10:35:47
ethanol,5126,0.71,2023-02-23 14:43:50,2024-06-30 23:35:44
ethanol,2194,0.38,2024-07-04 00:24:30,2023-09-12 20:09:20
diesel,6245,1.24,2023-06-03 17:05:30,2024-01-04 02:55:52
ethanol,6498,1.77,2024-02-23 02:45:48,2025-01-25 22:22:22
diesel,2284,0.14,2024-02-02 09:49:51,2023-03-07 09:20:23
diesel,6764,0.76,2024-07-21 13:02:55,2023-11-13 07:19:03
diesel,4873,1.94,2023-05-06 09:54:45,2024-04-17 18:03:10
petrol,8639,1.42,2023-04-08 16:21:37,2024-11-08 08:49:47
ethanol,7831,0.68,2023-09-01 00:25:58,2023-04-29 04:47:11
ethanol,3402,0.34,2023-03-11 13:29:25,2023-03-19 10:51:45
diesel,4941,1.08,2024-08-30 19:15:22,2023-11-23 13:09:35
diesel,1081,0.93,2024-09-19 10:48:08,2023-05-13 14:00:43
ethanol,8362,0.03,2024-12-07 22:22:45,2024-12-20 12:33:08
petrol,3207,1.21,2023-06-25 16:23:48,2023-08-14 23:44:24
diesel,1637,0.84,2023-08-28 13:41:21,2023-06-19 07:17:38
diesel,5769,1.74,2023-12-19 11:50:26,2023-09-14 18:18:00
petrol,3311,0.94,2024-09-08 09:26:00,2023-11-26 10:54:36
ethanol,7700,0.76,2025-01-29 21:56:24,2024-08-14 22:11:18
petrol,3885,0.78,2023-07-01 15:29:46,2024-01-30 09:27:52
ethanol,6690,0.45,2023-04-29 11:27:14,2023-06-22 03:39:36
petrol,4636,0.77,2024-12-15 16:29:01,2023-09-08 21:29:00
diesel,2122,0.89,2023-07-06 22:14:59,2024-02-20 20:17:45
petrol,4853,0.89,2024-11-15 17:32:03,2024-02-25 21:17:48
ethanol,1116,0.93,2023-12-13 00:38:09,2023-02-21 15:46:45
petrol,8117,0.64,2024-11-10 23:11:30,2023-05-29 05:41:21
ethanol,6112,1.1,2023-03-28 06:41:51,2023-11-15 16:21:12
diesel,1035,0.78,2024-03-23 10:00:21,2023-01-12 04:26:58
diesel,7892,1.93,2023-11-03 23:11:45,2023-11-27 18:23:02
diesel,9308,1.64,2024-11-29 22:10:41,2024-08-21 06:18:44
diesel,6216,1.23,2023-08-20 07:15:15,2025-01-28 06:16:45
ethanol,4372,1.52,2023-12-19 20:55:07,2024-03-18 12:34:29
diesel,8418,1.53,2024-10-17 04:51:18,2023-01-29 16:09:38
diesel,5629,0.2,2023-11-28 18:19:02,2023-08-27 08:33:50
petrol,1575,0.39,2024-11-27 19:21:09,2023-05-10 19:19:21
petrol,5148,1.25,2023-06-01 07:21:17,2024-03-07 10:19:46
petrol,4902,1.6,2023-09-22 23:56:38,2024-12-18 23:38:04
petrol,4887,1.56,2024-09-19 03:31:17,2023-10-13 22:32:05
diesel,9033,0.69,2024-02-09 21:59:21,2023-08-19 10:28:00
diesel,1579,1.53,2024-02-17 00:27:59,2023-12-19 04:13:39
petrol,8065,1.21,2023-12-29 15:22:59,2023-07-10 00:08:50
ethanol,636,1.46,2023-03-14 11:58:17,2024-12-29 07:03:36
ethanol,9398,0.71,2024-10-21 17:52:52,2023-08-22 11:44:30
petrol,2197,1.71,2024-11-17 18:24:01,2023-02-10 05:45:24
diesel,8364,0.63,2023-01-05 06:53:13,2024-09-19 02:00:26
ethanol,2182,1.02,2024-08-08 19:09:02,2023-03-16 18:43:53
ethanol,2856,0.05,2024-07-02 21:30:23,2024-08-26 07:25:43
diesel,4231,1.68,2023-06-01 07:31:15,2024-05-04 14:46:23
diesel,5104,1.68,2023-02-09 11:42:12,2024-11-18 01:47:40
diesel,5233,0.43,2024-02-21 10:53:19,2024-11-21 18:42:42
petrol,2140,1.38,2023-09-20 09:10:14,2024-09-27 07:21:50
diesel,9507,0.69,2023-08-16 12:53:56,2024-09-28 05:46:14
ethanol,7742,0.15,2023-03-21 18:30:47,2024-09-10 23:11:22
ethanol,8956,0.29,2024-12-26 09:27:58,2024-07-08 23:28:04
ethanol,1830,0.97,2024-01-15 08:54:00,2024-12-15 15:08:38
petrol,1054,0.16,2025-01-06 17:16:32,2023-11-14 21:26:42
ethanol,8884,1.85,2023-08-22 06:05:16,2024-01-03 08:54:12
diesel,4912,0.6,2024-10-02 14:04:14,2023-11-08 21:12:34
diesel,6925,0.1,2024-06-13 21:37:10,2023-02-14 04:27:52
ethanol,7542,1.62,2024-07-20 08:32:20,2023-08-13 01:51:50
petrol,4948,0.4,2024-08-06 00:54:45,2023-04-01 10:52:49
diesel,2084,0.27,2024-01-17 17:33:43,2024-04-10 08:10:58
petrol,6433,1.85,2024-10-31 07:08:15,2023-06-12 00:01:49
ethanol,3218,0.23,2024-01-07 00:34:41,2024-07-02 04:47:01
ethanol,684,0.96,2024-03-14 19:31:16,2023-06-28 07:56:39
diesel,1386,0.69,2024-01-10 18:40:44,2023-08-02 19:11:12
petrol,2520,1.9,2025-01-23 20:17:23,2024-05-09 21:55:24
diesel,5250,0.52,2023-01-28 23:45:10,2023-04-25 18:27:28
diesel,4019,1.74,2023-11-16 17:15:03,2023-01-25 07:45:25
petrol,9806,1.35,2024-05-12 11:24:14,2023-08-27 17:22:50
diesel,2585,1.09,2024-11-16 00:37:30,2024-04-02 07:35:07
petrol,2260,0.07,2023-06-18 10:44:07,2023-10-14 07:57:47
petrol,5959,1.39,2023-05-13 21:49:11,2024-10-02 22:17:40
diesel,4055,1.89,2024-06-10 08:58:57,2024-03-30 16:06:40
ethanol,7553,0.15,2023-10-06 14:33:39,2024-07-23 08:01:09
ethanol,2880,1.31,2023-07-26 20:43:51,2024-02-09 13:03:07
ethanol,3258,1.75,2023-12-29 09:01:06,2023-06-02 08:22:20
ethanol,3399,0.21,2024-09-22 13:57:25,2024-06-01 17:14:45
petrol,7300,0.65,2024-06-11 15:04:33,2023-03-08 16:19:46
ethanol,7936,0.54,2024-02-27 10:44:21,2024-05-09 09:57:46
ethanol,8307,1.57,2023-02-24 11:44:53,2024-02-17 21:40:27
diesel,4941,0.87,2024-12-26 09:22:52,2024-09-19 12:01:05
diesel,7489,1.5,2024-09-17 23:11:18,2023-02-19 12:21:54
petrol,7700,1.3,2023-03-25 05:22:28,2023-05-30 19:22:10
petrol,115,1.32,2023-10-30 07:05:29,2024-11-29 16:29:15
petrol,2101,0.15,2023-08-17 13:37:49,2024-04-08 02:42:02
petrol,2001,0.13,2023-11-17 15:22:10,2023-07-11 15:37:12
ethanol,8543,1.74,2023-07-06 14:59:01,2023-01-09 18:45:44
ethanol,393,1.17,2024-08-20 12:19:37,2024-04-29 07:45:20
diesel,9108,1.41,2024-04-22 07:00:51,2023-06-16 15:51:01
petrol,6588,1.96,2025-01-23 04:36:32,2023-02-02 12:26:53
ethanol,7927,0.73,2024-04-29 01:00:24,2023-12-22 23:21:10
petrol,8811,0.45,2024-05-15 09:05:53,2024-06-23 01:12:38
diesel,3738,1.11,2023-01-05 15:41:02,2023-07-05 23:22:12
petrol,8716,0.41,2023-08-20 01:21:22,2023-05-01 03:14:13
diesel,608,1.76,2025-01-18 18:40:05,2024-10-01 17:43:59
diesel,3575,0.04,2023-04-05 01:28:38,2023-06-26 12:35:38
ethanol,2415,0.74,2024-03-04 17:19:45,2023-01-28 02:14:31
ethanol,3134,0.72,2023-09-19 16:30:28,2023-01-08 15:41:16
petrol,7264,1.78,2024-06-14 06:14:06,2023-10-07 00:59:32
ethanol,4907,1.93,2024-07-24 09:40:55,2023-06-03 00:32:46
ethanol,3969,0.19,2023-02-10 16:58:52,2023-12-16 04:20:20
ethanol,2548,1.23,2024-09-24 10:22:55,2024-09-12 09:07:07
petrol,7205,1.98,2024-07-09 10:39:39,2023-02-18 21:35:14
diesel,8620,1.75,2024-11-05 09:16:50,2023-08-02 05:46:35
diesel,4841,1.96,2024-01-26 11:00:21,2023-09-05 03:48:45
diesel,5847,1.96,2024-12-25 15:18:49,2024-02-03 04:20:05
ethanol,8691,0.87,2025-01-09 04:11:22,2025-01-01 16:52:13
petrol,1707,1.74,2023-03-31 19:45:31,2024-04-05 03:54:03
diesel,6334,0.26,2023-04-26 19:40:39,2024-08-23 14:58:51
ethanol,6696,0.48,2023-06-23 02:39:00,2024-05-12 07:15:52
ethanol,9859,0.45,2023-09-30 14:00:20,2023-06-27 16:36:02
ethanol,3941,1.39,2023-03-19 01:24:32,2024-05-30 05:42:15
petrol,1274,0.79,2024-08-05 05:53:49,2023-02-10 08:12:48
petrol,8619,0.15,2024-03-04 23:55:09,2024-09-14 04:41:52
ethanol,1573,1.85,2024-04-23 05:28:27,2024-01-30 17:14:05
diesel,3094,0.6,2023-06-15 16:38:42,2023-05-23 02:26:17
diesel,7380,1.28,2023-07-13 14:09:40,2024-12-18 20:50:31
ethanol,8623,0.83,2024-03-17 00:36:13,2023-03-09 04:07:19
diesel,3089,1.63,2024-01-21 04:25:10,2024-05-04 13:36:41
petrol,4235,1.81,2024-02-01 17:35:17,2023-07-07 16:46:27
ethanol,3906,0.01,2024-08-07 04:46:12,2024-05-25 03:28:22
petrol,8256,0.99,2023-12-01 18:11:40,2023-01-17 15:43:05
diesel,4373,0.03,2024-04-10 17:16:39,2023-05-02 00:21:20
ethanol,3364,1.87,2023-01-04 10:24:14,2023-08-31 08:16:14
diesel,7641,1.46,2024-03-07 08:55:48,2024-07-24 10:23:35
diesel,7364,0.57,2024-02-07 20:05:35,2023-04-06 08:25:04
ethanol,6187,0.28,2023-09-09 13:14:41,2023-04-25 20:11:30
ethanol,6229,0.3,2023-02-15 17:28:30,2025-01-28 15:49:36
petrol,2411,1.3,2023-11-18 05:54:49,2023-11-30 00:42:32
diesel,4596,1.76,2024-12-05 22:50:47,2024-12-21 11:25:12
ethanol,7219,0.73,2024-07-31 12:33:02,2023-01-13 18:33:50
diesel,2861,1.82,2023-09-23 23:38:28,2024-04-04 19:26:49
petrol,6519,1.99,2024-12-19 04:15:07,2024-08-30 07:05:03
petrol,2576,1.23,2024-04-19 12:31:00,2024-11-18 17:46:06
petrol,5320,0.93,2024-07-07 17:51:59,2024-05-30 07:37:18
ethanol,9063,1.88,2023-03-26 19:12:41,2024-07-17 18:46:12
ethanol,5009,1.97,2025-01-15 07:34:17,2023-09-26 05:43:12
ethanol,1714,0.28,2024-11-01 04:16:14,2023-03-02 15:37:42
petrol,5494,0.32,2024-03-23 21:02:47,2024-10-06 10:50:48
ethanol,5959,0.49,2023-09-05 23:59:42,2024-08-14 04:11:40
ethanol,5645,1.26,2024-07-20 04:11:44,2024-06-11 17:53:12
diesel,6178,0.35,2024-08-04 21:15:36,2024-03-07 12:24:20
diesel,7976,0.12,2023-11-16 11:26:49,2024-10-20 08:46:34
petrol,9771,0.9,2023-10-24 01:50:24,2023-11-14 07:38:21
ethanol,5869,0.8,2023-09-26 16:00:49,2024-12-05 08:10:17
petrol,3559,2.0,2023-10-11 11:31:00,2023-08-12 21:37:16
petrol,764,0.0,2023-03-14 15:49:20,2024-08-23 13:38:49
ethanol,7209,0.61,2023-03-04 12:06:42,2023-07-05 12:40:04
diesel,862,0.72,2024-04-28 08:35:55,2023-04-06 19:18:29
petrol,9312,0.95,2023-12-03 19:32:57,2023-04-09 08:25:07
petrol,5938,0.92,2023-07-30 17:03:09,2023-07-14 20:17:37
diesel,3041,0.22,2024-08-02 07:28:34,2023-07-21 01:23:35
petrol,6080,0.46,2024-12-04 03:52:03,2024-03-21 00:47:12
petrol,4143,0.58,2024-03-11 15:19:20,2024-07-11 18:45:44
diesel,7002,1.66,2024-10-24 14:21:19,2023-07-07 05:27:25
petrol,6409,0.29,2024-11-24 09:47:54,2023-08-12 14:42:04
diesel,6709,0.47,2024-09-12 16:46:06,2024-07-11 01:02:32
ethanol,8971,0.84,2024-11-12 03:09:51,2024-06-13 15:33:26
ethanol,3678,1.32,2024-06-25 04:40:38,2024-05-25 12:47:39
petrol,7062,0.28,2023-07-05 00:12:13,2023-12-14 16:24:35
ethanol,7980,1.86,2024-01-09 12:40:47,2024-05-19 08:34:22
ethanol,8332,0.85,2024-08-06 12:21:56,2023-12-26 16:01:24
ethanol,5012,0.04,2024-04-18 21:57:44,2023-08-10 21:57:39
diesel,2979,0.57,2023-06-15 06:13:42,2023-04-13 16:39:15
diesel,3387,1.92,2024-03-28 13:37:30,2024-12-24 00:34:53
diesel,8428,1.64,2023-01-29 03:18:36,2023-12-09 11:17:39
petrol,9380,0.89,2024-02-02 10:56:11,2023-04-11 16:31:04
ethanol,3265,0.65,2024-11-09 14:01:13,2024-01-03 07:38:57
diesel,7978,0.94,2024-12-19 02:23:12,2024-11-11 12:01:29
petrol,8519,0.32,2024-02-28 07:23:44,2023-04-27 13:08:08
petrol,7847,1.12,2024-12-07 21:41:18,2023-02-22 01:42:44
diesel,1480,1.1,2023-12-31 15:13:59,2024-09-01 05:35:46
ethanol,94,1.84,2025-01-21 09:51:44,2024-05-13 05:34:53
diesel,9533,0.44,2023-01-21 03:16:24,2023-07-16 14:02:57
diesel,9149,0.72,2023-01-28 14:36:49,2023-02-24 20:14:53
ethanol,6987,1.46,2023-01-22 00:13:07,2024-12-03 03:57:29
diesel,4943,1.88,2023-09-12 21:49:20,2023-12-10 09:21:22
diesel,3539,0.89,2023-04-27 07:09:04,2024-06-02 01:47:06
diesel,2107,0.73,2023-06-11 19:07:20,2024-02-15 20:59:26
petrol,2396,0.12,2024-02-26 05:47:37,2023-07-23 10:53:21
petrol,3534,1.02,2024-07-07 10:28:38,2024-03-15 20:42:47
ethanol,1670,1.98,2023-07-14 03:33:15,2024-07-14 00:54:09
ethanol,6365,1.02,2024-01-18 22:23:44,2023-12-31 14:56:14
diesel,8251,0.84,2024-12-29 03:26:35,2024-08-19 23:08:58
petrol,3147,1.55,2025-01-10 20:58:40,2024-04-21 16:17:27
petrol,4613,1.27,2024-09-06 10:15:28,2023-08-14 14:38:13
ethanol,2849,1.39,2024-08-27 05:39:12,2024-03-18 09:01:48
petrol,218,0.25,2025-01-07 10:50:20,2024-04-02 03:01:09
petrol,494,0.44,2024-05-14 14:49:25,2024-05-29 23:19:55
petrol,364,1.96,2023-02-20 05:46:01,2023-11-26 20:46:48
ethanol,4459,0.26,2024-03-20 23:38:00,2024-02-08 04:45:34
diesel,5921,0.23,2024-08-13 04:47:27,2023-11-12 09:17:57
petrol,1065,1.35,2023-08-01 16:44:30,2024-09-05 12:44:19
diesel,3075,1.82,2023-12-04 03:21:07,2023-01-13 14:24:30
diesel,2974,1.77,2023-12-10 22:13:24,2023-02-22 12:17:18
diesel,7644,0.67,2024-11-04 05:54:16,2024-12-07 09:47:45
ethanol,2733,0.89,2023-01-30 04:43:22,2023-08-07 02:38:56
petrol,9347,1.28,2024-05-19 11:35:35,2024-01-16 20:50:09
diesel,902,1.91,2023-08-31 23:11:34,2024-12-15 23:06:05
ethanol,7414,1.79,2023-05-15 21:19:39,2024-10-24 08:11:25
petrol,3492,0.25,2024-06-06 17:14:29,2024-06-29 21:34:49
petrol,3006,0.06,2023-03-15 22:24:32,2023-12-24 00:25:27
diesel,2284,1.89,2024-07-31 14:11:44,2024-06-15 13:30:15
ethanol,5689,0.73,2023-01-17 10:28:08,2024-01-15 13:48:34
ethanol,1010,1.03,2024-02-22 20:21:52,2024-10-16 15:04:51
ethanol,2348,1.09,2023-08-01 00:38:10,2023-03-16 00:24:58
petrol,2904,1.26,2025-01-11 12:13:44,2023-01-09 23:59:13
ethanol,1372,1.46,2024-04-22 10:18:41,2023-05-27 02:48:09
petrol,6996,1.93,2023-03-03 23:48:47,2025-01-14 06:22:35
ethanol,5735,0.97,2025-01-29 01:08:00,2024-08-18 21:56:17
diesel,3900,0.24,2024-10-08 02:47:52,2024-05-22 17:58:01
ethanol,6004,0.24,2025-01-25 23:47:10,2023-09-05 20:31:45
petrol,1849,1.5,2025-01-22 14:55:07,2023-01-16 12:25:29
diesel,2429,1.83,2023-01-07 09:00:39,2023-04-02 12:26:50
ethanol,9837,1.9,2023-12-16 11:12:52,2024-12-08 00:50:28
ethanol,5286,1.16,2024-05-27 07:22:29,2025-01-24 02:13:36
diesel,5982,1.36,2024-06-15 12:48:44,2023-12-16 02:58:32
petrol,1055,1.96,2023-12-27 17:07:50,2024-07-06 20:50:13
diesel,5789,0.01,2023-05-22 23:13:15,2023-04-11 00:16:43
petrol,9798,0.3,2023-10-18 01:02:41,2023-05-19 07:47:59
ethanol,5353,0.97,2024-12-20 07:00:13,2024-06-01 18:55:15
petrol,8562,1.56,2024-01-05 07:19:37,2023-11-12 22:01:24
petrol,4148,0.83,2023-04-07 17:28:01,2023-07-03 11:16:59
petrol,5868,0.77,2023-09-12 08:33:32,2023-03-28 12:10:47
ethanol,7329,0.96,2024-12-16 12:38:07,2023-11-12 15:19:47
diesel,3057,1.3,2024-05-20 12:38:38,2023-02-27 12:41:23
diesel,3843,0.21,2024-08-29 08:28:24,2023-01-04 06:01:04
petrol,4484,1.18,2024-03-05 01:23:17,2023-06-09 00:28:13
diesel,1548,1.09,2023-03-28 17:42:18,2023-08-13 14:12:09
petrol,9253,1.01,2023-01-04 05:05:43,2024-09-18 05:30:41
petrol,1011,1.11,2024-09-30 10:08:34,2024-12-19 13:36:50
diesel,1818,0.3,2023-04-08 20:34:43,2023-01-23 11:03:38
diesel,7409,1.2,2023-10-25 23:32:39,2025-01-29 03:33:32
diesel,3166,0.53,2023-01-06 12:05:56,2024-02-24 00:44:32
petrol,1793,1.27,2024-07-21 14:33:41,2024-05-24 05:59:36
petrol,3539,1.32,2024-05-25 10:22:52,2024-08-11 06:20:17
diesel,6520,1.16,2024-03-31 21:32:00,2023-03-20 14:56:08
ethanol,4358,0.81,2023-05-25 18:15:40,2023-03-15 03:40:03
ethanol,9280,1.12,2023-09-12 19:58:31,2024-11-16 03:28:49
diesel,5618,0.32,2023-01-12 05:00:23,2023-01-27 21:24:03
ethanol,1409,0.08,2024-07-15 19:38:03,2023-11-10 03:58:22
diesel,4056,1.48,2024-10-26 02:49:48,2023-10-01 12:03:07
ethanol,4247,1.32,2023-07-28 12:30:20,2024-08-17 11:21:51
petrol,5121,1.92,2023-09-07 01:07:42,2023-07-24 09:09:21
diesel,7569,1.86,2023-09-30 15:50:02,2023-07-20 09:33:16
petrol,418,0.45,2024-09-13 08:14:00,2025-01-12 10:35:01
ethanol,7546,0.81,2024-09-01 18:54:40,2023-08-12 02:47:14
petrol,6178,0.2,2023-06-09 07:22:24,2023-04-22 02:47:45
petrol,2162,1.51,2023-05-11 14:43:15,2023-09-20 15:32:27
ethanol,1469,0.16,2023-09-30 02:36:52,2023-01-30 02:59:39
petrol,6683,1.43,2023-05-22 16:18:04,2023-03-22 16:09:53
petrol,2262,1.51,2023-12-21 19:47:50,2024-12-11 05:06:54
diesel,933,1.59,2023-09-16 18:46:25,2023-11-18 15:29:59
ethanol,9072,1.19,2023-04-10 23:35:17,2024-12-27 05:10:41
diesel,959,1.88,2023-08-23 09:48:44,2023-07-08 12:15:51
petrol,1308,1.53,2023-06-21 01:09:50,2023-06-21 00:55:00
diesel,2046,0.89,2023-06-21 16:16:18,2024-02-13 02:00:03
petrol,7417,1.08,2024-08-13 03:09:57,2023-12-01 21:23:57
diesel,837,0.72,2024-02-01 02:44:39,2023-05-04 12:09:43
diesel,7922,0.84,2024-10-09 13:25:56,2024-03-08 22:46:11
diesel,7753,1.36,2024-02-08 19:03:05,2024-02-01 02:42:54
petrol,7139,1.59,2024-12-14 07:11:37,2024-12-06 16:29:09
ethanol,1558,0.19,2023-02-19 16:47:09,2024-06-16 04:37:01
ethanol,3692,0.52,2024-07-29 19:34:35,2024-10-04 14:03:29
diesel,9038,1.78,2023-05-21 04:29:54,2023-05-31 09:40:01
petrol,7359,0.75,2023-11-01 09:52:40,2024-05-09 00:30:59
petrol,8233,0.11,2023-04-16 18:54:54,2024-11-22 17:11:50
petrol,8802,1.09,2024-09-05 11:03:19,2023-01-10 21:06:02
ethanol,640,1.52,2024-10-31 01:23:19,2023-01-22 04:34:08
diesel,370,1.03,2024-11-20 05:06:13,2023-07-21 19:28:07
diesel,3455,1.05,2023-11-12 08:19:54,2025-01-15 14:16:30
petrol,5409,0.18,2024-09-27 13:49:32,2023-12-05 00:29:10
ethanol,1580,1.33,2024-01-01 23:17:07,2024-01-03 12:14:03
petrol,1561,0.25,2023-07-16 11:45:42,2023-03-22 06:55:04
ethanol,7152,1.54,2024-07-08 02:41:44,2024-04-15 08:53:18
diesel,3761,1.58,2024-11-15 15:08:44,2024-12-25 00:18:18
ethanol,6607,0.05,2024-09-06 10:01:14,2023-04-14 09:52:17
petrol,9520,0.34,2024-07-21 17:47:59,2024-06-10 01:37:09
ethanol,2606,0.25,2024-08-28 18:53:53,2024-12-28 10:15:26
petrol,6181,1.35,2024-12-12 00:53:32,2023-10-06 15:13:48
diesel,8909,0.77,2024-01-01 20:50:48,2023-03-27 18:00:01
petrol,6552,1.68,2025-01-06 20:31:42,2023-02-26 12:19:58
diesel,488,1.34,2023-05-02 09:25:46,2023-07-01 21:54:05
ethanol,5139,0.75,2024-12-06 08:11:44,2024-10-02 04:12:56
ethanol,5624,0.36,2024-06-07 00:27:32,2023-06-05 20:59:23
ethanol,3940,1.85,2024-05-09 04:34:54,2024-10-25 09:16:16
diesel,6565,1.92,2024-08-22 17:06:05,2025-01-17 04:06:46
petrol,9490,0.7,2023-12-19 08:38:08,2025-01-02 10:44:41
petrol,905,0.5,2024-06-26 22:33:49,2024-10-24 09:40:15
diesel,3780,1.74,2023-01-24 23:16:00,2023-07-26 16:46:00
petrol,2798,1.9,2024-09-17 18:38:52,2024-12-08 13:03:20
ethanol,5559,1.01,2024-09-22 07:26:23,2023-07-25 17:52:16
diesel,77,0.61,2024-05-09 16:10:21,2023-12-06 09:24:32
ethanol,6182,0.18,2024-05-12 17:07:30,2023-02-01 10:30:54
petrol,1021,1.69,2024-09-23 03:15:37,2025-01-22 05:20:11
petrol,7455,1.42,2024-03-14 15:59:21,2023-06-03 02:33:38
petrol,1566,0.91,2024-05-07 18:38:14,2024-04-06 08:37:15
ethanol,4185,0.53,2024-10-16 01:37:17,2024-04-01 14:52:10
diesel,3902,1.69,2024-11-04 04:47:24,2024-04-05 11:29:13
diesel,8071,1.29,2023-12-25 14:00:14,2024-01-04 20:14:34
ethanol,5544,1.89,2023-03-16 01:28:26,2023-11-03 19:27:20
diesel,1407,1.54,2023-10-03 14:18:37,2024-03-03 13:40:47
petrol,1646,0.1,2024-12-06 06:27:12,2023-03-18 08:46:33
diesel,359,0.46,2024-07-13 00:23:33,2023-01-22 00:56:17
diesel,3821,0.34,2024-05-20 01:08:22,2024-08-27 04:25:49
diesel,4121,1.49,2024-06-24 09:47:22,2024-07-15 07:11:50
ethanol,8876,1.45,2024-01-17 23:50:27,2024-05-28 08:23:41
ethanol,5507,1.78,2023-08-30 15:25:45,2024-03-12 15:47:37
petrol,2150,0.16,2023-01-02 17:21:51,2025-01-16 19:53:59
diesel,1419,1.02,2023-03-31 22:55:31,2024-08-18 17:29:41
petrol,7594,0.06,2023-08-10 12:19:08,2024-03-01 11:10:11
petrol,3594,0.69,2023-03-23 14:09:52,2023-09-02 06:15:43
diesel,8907,1.07,2024-12-31 08:17:49,2024-06-19 16:38:10
petrol,3238,0.07,2023-12-01 20:07:42,2023-08-03 11:55:12
ethanol,5569,0.61,2023-12-15 03:09:36,2023-09-28 07:01:55
ethanol,3132,1.45,2023-01-16 05:20:24,2023-11-06 05:52:15
diesel,8423,1.87,2023-12-13 00:02:07,2024-11-24 21:10:55
ethanol,777,0.33,2023-09-23 17:18:06,2023-03-01 02:39:48
diesel,2830,0.86,2024-03-12 01:09:47,2023-10-26 15:16:15
petrol,7698,0.34,2024-05-04 21:08:28,2024-10-02 05:37:10
ethanol,2624,1.69,2024-10-02 00:50:10,2024-03-20 03:20:07
diesel,1090,0.58,2024-08-02 20:47:04,2024-05-30 13:33:21
diesel,576,0.42,2025-01-22 01:45:22,2023-03-09 14:19:37
petrol,6258,0.92,2025-01-12 07:10:52,2024-03-12 02:08:51
petrol,4976,0.53,2023-08-15 13:31:59,2023-12-02 03:55:22
petrol,6436,0.07,2023-12-20 13:07:52,2023-10-14 21:47:29
ethanol,7917,0.26,2023-06-29 07:15:43,2023-11-22 14:54:27
diesel,5111,1.84,2023-06-07 04:29:39,2023-07-24 14:46:50
ethanol,6674,1.14,2024-01-22 15:49:04,2024-11-18 15:02:55
ethanol,7275,1.63,2023-05-06 21:58:21,2024-11-16 17:47:00
petrol,2015,0.16,2024-02-07 06:25:19,2024-01-28 11:56:04
petrol,8179,0.45,2023-12-22 06:12:51,2023-11-17 23:33:39
diesel,7846,1.97,2024-01-17 16:45:14,2023-06-01 04:20:36
ethanol,5740,0.35,2024-12-03 01:25:46,2024-06-29 02:38:04
ethanol,1251,1.04,2024-07-10 01:09:48,2024-01-27 09:07:37
ethanol,6980,0.36,2023-12-05 23:20:33,2023-10-27 17:48:40
ethanol,3930,0.27,2024-07-12 02:47:30,2023-10-01 22:52:29
petrol,7004,0.99,2023-10-29 20:59:12,2023-04-01 14:43:51
diesel,8016,0.68,2024-10-11 01:09:23,2024-06-23 13:17:29
ethanol,2856,0.13,2023-12-12 15:41:38,2024-05-10 09:55:51
ethanol,9744,1.06,2024-11-21 20:22:34,2023-06-13 15:03:00
petrol,3945,0.13,2025-01-16 07:51:49,2023-04-01 19:53:35
ethanol,8149,1.25,2024-05-15 19:58:30,2023-03-10 15:28:24
ethanol,7191,1.99,2023-01-21 02:09:39,2023-08-30 21:49:29
ethanol,5229,1.65,2024-05-09 16:29:15,2023-02-26 10:50:20
petrol,9178,0.83,2023-03-16 05:11:53,2024-08-15 10:38:40
diesel,788,1.63,2024-06-10 02:16:25,2024-12-25 06:16:53
petrol,3418,0.81,2024-04-15 19:59:40,2024-09-19 06:15:08
diesel,6972,1.46,2025-01-20 00:26:51,2025-01-27 23:18:30
petrol,6363,0.03,2023-06-26 17:12:40,2024-09-12 05:43:37
diesel,6329,1.14,2024-10-01 10:33:35,2024-05-10 03:31:03
petrol,3865,1.51,2023-06-19 17:26:29,2023-05-15 13:40:37
petrol,8501,0.28,2023-01-09 21:42:22,2024-04-07 09:12:55
petrol,1365,0.79,2024-02-19 22:56:33,2024-09-22 18:57:22
diesel,6176,1.14,2024-08-13 19:29:52,2024-10-27 12:37:13
petrol,9551,0.77,2024-06-01 06:56:56,2023-05-15 00:09:55
diesel,2260,0.11,2024-06-12 12:39:13,2024-09-02 11:41:07
diesel,9337,1.61,2023-07-06 23:10:09,2023-02-22 10:19:52
ethanol,2222,1.7,2025-01-11 06:16:01,2023-02-25 15:45:44
ethanol,7971,1.08,2024-01-11 20:06:30,2024-11-25 06:43:48
ethanol,4634,1.99,2023-04-17 23:10:37,2023-03-26 11:14:54
petrol,8738,1.31,2023-04-11 20:44:49,2023-09-06 20:13:16
diesel,2082,0.86,2023-08-25 02:11:48,2023-05-20 01:22:45
diesel,952,1.23,2023-05-08 12:53:16,2024-03-04 18:04:57
petrol,6787,1.28,2024-04-25 04:09:16,2024-02-20 04:39:18
ethanol,9698,1.66,2023-05-29 21:53:28,2024-03-31 08:51:16
diesel,1700,0.81,2024-07-18 06:10:57,2024-03-23 16:31:47
diesel,4781,1.08,2023-10-08 00:47:06,2024-03-20 14:14:35
diesel,3243,1.65,2023-01-05 18:25:05,2024-03-20 00:48:33
diesel,2015,1.94,2024-11-22 16:31:17,2023-04-27 04:55:05
diesel,9138,0.23,2024-11-13 10:04:17,2024-08-03 02:30:12
ethanol,5249,0.45,2023-01-20 15:26:54,2024-08-04 11:24:52
ethanol,9382,0.43,2024-04-07 04:02:40,2023-11-20 06:27:42
ethanol,8137,0.73,2024-03-30 18:35:42,2023-12-10 23:30:57
ethanol,7958,0.26,2024-06-19 04:02:24,2023-12-10 11:17:49
diesel,6700,0.78,2023-06-04 10:54:35,2024-09-07 22:11:18
diesel,4436,1.95,2024-12-05 09:56:52,2024-08-05 14:07:03
ethanol,890,1.54,2023-10-03 13:37:58,2023-11-23 12:43:13
petrol,494,1.62,2023-07-23 15:38:27,2023-01-09 11:58:27
diesel,9338,0.55,2023-01-31 14:52:32,2024-05-28 18:11:21
petrol,3558,1.74,2023-06-13 02:05:53,2024-01-30 01:46:39
ethanol,7061,1.39,2023-04-29 22:13:41,2024-12-05 01:45:56
petrol,9350,1.15,2023-05-02 09:35:20,2023-07-01 01:54:26
ethanol,5596,1.69,2023-01-24 05:17:18,2023-07-25 14:14:24
diesel,5426,1.31,2023-03-14 11:13:00,2024-11-26 14:28:45
diesel,6050,1.34,2024-09-20 17:37:12,2023-12-28 17:23:41
petrol,9822,1.59,2023-09-12 14:00:54,2023-10-15 10:12:39
petrol,5771,1.15,2023-01-09 16:24:57,2024-02-21 23:44:55
petrol,8509,1.85,2024-08-22 13:33:39,2023-08-01 15:21:40
petrol,3729,1.13,2023-10-02 10:38:57,2023-06-15 02:58:23
petrol,1543,1.72,2023-11-12 21:45:11,2023-05-23 05:57:01
petrol,8713,1.11,2024-10-08 19:44:41,2023-06-07 03:37:18
petrol,2197,0.77,2024-09-22 19:51:01,2023-09-17 07:07:40
diesel,729,0.61,2023-11-08 02:12:47,2024-12-01 06:30:15
petrol,5552,1.99,2023-01-06 00:06:44,2024-02-13 00:09:54
petrol,4682,0.78,2023-03-03 09:04:35,2024-04-17 05:59:28
petrol,739,1.24,2024-01-27 15:19:15,2025-01-21 13:15:59
ethanol,7995,1.83,2023-05-11 09:16:48,2023-02-25 06:47:18
ethanol,9056,1.82,2024-04-14 15:37:59,2024-06-22 21:07:08
diesel,3710,1.93,2023-05-28 20:29:33,2024-07-08 03:36:15
ethanol,3750,1.75,2024-11-17 08:19:22,2024-05-02 14:12:33
diesel,2221,0.98,2023-06-01 20:09:02,2024-03-27 00:36:16
diesel,9280,1.55,2024-01-21 06:11:00,2023-12-28 09:54:03
petrol,1129,0.86,2024-12-25 10:11:58,2023-07-23 03:39:46
petrol,272,1.71,2024-07-22 19:23:29,2024-02-16 15:23:51
diesel,8615,0.62,2023-03-05 13:05:27,2025-01-02 18:15:39
ethanol,722,0.06,2024-11-27 09:44:57,2024-07-30 22:29:05
ethanol,2588,0.45,2023-08-14 21:30:14,2023-02-06 03:30:08
ethanol,5032,0.07,2023-09-04 14:33:00,2023-11-04 12:22:40
petrol,1733,0.4,2023-07-19 07:27:42,2023-12-05 16:59:07
petrol,8912,0.35,2023-10-23 03:57:49,2023-03-23 01:46:04
diesel,1506,0.05,2023-04-30 23:12:20,2023-07-22 03:51:53
diesel,8872,1.3,2023-06-13 14:22:39,2025-01-02 04:07:18
diesel,4536,0.17,2024-06-13 03:03:44,2023-08-19 22:45:17
petrol,5568,0.45,2024-12-12 01:31:01,2024-03-19 12:05:29
ethanol,3979,0.42,2024-11-06 02:39:44,2024-07-02 01:34:39
petrol,4771,0.1,2024-01-09 04:35:37,2023-03-26 05:12:08
diesel,7952,0.6,2023-06-16 08:52:05,2024-05-13 23:56:16
diesel,1953,0.27,2024-09-27 12:03:21,2024-04-14 21:04:23
petrol,5159,0.56,2024-09-01 19:19:25,2024-07-03 08:28:32
petrol,6006,0.42,2024-01-30 13:17:28,2024-11-16 17:07:28
diesel,5757,0.22,2024-07-08 13:36:08,2024-02-23 14:04:41
ethanol,8671,0.0,2023-02-02 22:18:57,2023-12-26 06:58:46
petrol,9737,0.61,2024-02-28 19:53:43,2024-11-03 13:03:50
petrol,8809,0.67,2024-11-17 05:03:41,2023-03-19 17:57:39
ethanol,736,1.84,2023-03-02 02:25:39,2023-10-17 23:21:23
ethanol,5327,1.19,2023-09-12 23:17:35,2024-08-16 00:52:41
diesel,9866,0.73,2023-09-10 12:53:52,2023-02-08 23:44:45
diesel,6841,1.99,2024-11-22 08:29:31,2024-09-30 01:14:58
diesel,421,1.17,2024-01-31 17:39:40,2024-05-25 18:42:12
ethanol,3528,1.75,2025-01-07 03:44:23,2024-07-17 16:01:12
petrol,2908,1.99,2024-02-27 06:14:13,2024-12-15 18:14:16
diesel,449,0.42,2023-09-29 07:48:42,2023-01-16 16:38:13
diesel,3005,0.82,2023-02-28 09:14:34,2024-02-13 03:27:00
diesel,6028,0.65,2023-03-18 19:54:30,2024-06-01 04:35:45
petrol,7647,1.98,2024-10-24 14:25:34,2024-05-08 23:49:13
diesel,5626,1.17,2024-07-02 09:26:16,2023-02-24 05:15:27
petrol,3660,1.08,2024-03-06 11:58:44,2023-01-16 11:00:00
ethanol,2075,1.91,2024-07-14 15:58:31,2023-02-09 18:45:25
diesel,2229,1.6,2023-06-13 05:52:36,2023-01-03 01:27:29
diesel,1900,1.26,2023-12-18 06:59:35,2023-10-11 05:52:10
petrol,142,1.81,2023-02-26 03:09:30,2023-12-13 06:08:37
petrol,9147,1.39,2024-12-22 02:12:11,2024-02-04 13:04:32
petrol,906,1.39,2023-02-25 00:38:12,2024-09-16 18:14:17
petrol,6199,1.08,2025-01-16 15:00:31,2023-10-31 03:52:11
ethanol,2222,1.33,2024-12-16 08:30:25,2023-09-07 07:19:10
diesel,7539,1.85,2023-07-07 17:58:40,2023-03-01 01:09:23
petrol,3454,1.14,2024-05-13 20:47:42,2023-06-22 07:16:07
petrol,2577,0.46,2023-08-05 22:18:20,2024-05-08 15:18:30
ethanol,6226,1.85,2024-11-28 22:02:36,2024-04-06 08:01:45
ethanol,3067,0.34,2023-06-14 12:36:20,2023-12-28 04:28:08
petrol,4107,1.8,2023-08-20 05:12:09,2023-05-06 11:46:53
diesel,9484,1.67,2023-08-10 01:52:14,2024-02-29 02:26:02
ethanol,2806,0.41,2023-10-03 14:12:06,2023-05-22 02:01:58
petrol,3360,1.8,2024-11-29 18:45:30,2024-12-28 17:06:56
diesel,6751,0.93,2024-09-10 18:14:41,2024-07-02 00:21:26
diesel,6893,1.21,2024-04-11 14:17:32,2023-10-11 03:47:20
petrol,2944,1.87,2023-07-26 05:18:21,2023-06-10 16:05:18
ethanol,271,1.34,2024-01-30 22:17:14,2024-04-20 03:39:09
petrol,5564,1.34,2024-07-17 02:10:26,2024-05-19 11:13:53
ethanol,4342,1.4,2025-01-20 01:42:17,2023-05-27 21:14:00
diesel,405,0.5,2024-06-16 12:26:28,2023-06-06 07:02:12
petrol,4493,0.33,2023-09-26 22:00:45,2023-12-10 13:06:14
diesel,7215,0.49,2023-04-20 13:37:18,2024-08-14 10:11:54
diesel,951,1.77,2023-05-14 16:08:43,2024-12-28 09:44:36
petrol,2310,0.6,2024-12-08 12:45:56,2025-01-06 05:56:15
petrol,5672,0.46,2023-12-04 02:47:18,2024-08-12 04:29:28
diesel,1420,1.99,2023-01-22 18:28:10,2023-04-05 12:15:20
diesel,7987,0.31,2024-01-17 16:21:48,2023-05-04 21:35:04
ethanol,1104,0.49,2023-03-18 05:48:55,2024-08-02 20:23:23
petrol,5946,1.18,2023-01-31 20:51:26,2023-06-17 20:27:27
petrol,3627,0.29,2024-05-28 10:34:18,2023-03-10 01:19:17
ethanol,4156,1.26,2023-03-02 05:14:46,2024-02-29 00:21:01
petrol,134,1.08,2023-06-02 05:03:42,2024-05-17 18:24:45
petrol,157,1.71,2023-01-16 20:12:48,2023-04-29 02:36:53
ethanol,288,1.46,2024-06-16 01:16:10,2023-04-21 14:35:00
ethanol,5504,1.26,2023-11-10 16:42:11,2024-12-11 08:32:51
petrol,9350,1.03,2024-05-18 06:01:38,2024-02-27 17:45:23
diesel,4261,1.22,2024-09-09 22:15:51,2023-08-10 04:05:51
ethanol,2502,1.69,2023-05-07 21:49:26,2024-07-05 06:05:16
petrol,9435,0.61,2024-02-05 12:58:13,2024-06-09 13:48:45
petrol,3943,1.57,2023-10-30 13:56:04,2023-05-15 23:20:42
diesel,5443,1.18,2023-06-30 10:26:06,2023-03-17 16:02:04
petrol,4841,1.42,2023-09-28 05:44:12,2023-11-25 07:22:36
petrol,4308,1.89,2024-11-04 09:37:30,2024-02-14 17:46:28
ethanol,9862,1.79,2025-01-14 03:04:42,2025-01-11 01:56:21
diesel,1575,1.0,2024-07-31 11:36:35,2023-07-18 07:41:31
petrol,9558,0.83,2023-11-30 10:11:55,2023-12-27 02:43:01
diesel,3800,0.98,2024-10-04 22:35:14,2023-08-01 16:09:52
diesel,2046,1.89,2023-04-21 00:48:26,2023-12-21 00:49:25
diesel,6613,1.81,2024-09-21 12:36:04,2024-06-03 19:26:52
diesel,3772,1.54,2023-11-17 02:38:35,2023-08-29 07:16:08
diesel,9385,1.75,2023-05-16 16:35:38,2023-06-10 02:04:14
ethanol,1978,0.74,2023-03-26 17:41:47,2024-03-24 06:00:55
ethanol,1217,1.8,2024-10-27 07:59:31,2023-04-05 14:21:18
ethanol,5988,1.32,2024-02-26 20:10:26,2024-06-23 19:42:29
petrol,1436,1.11,2024-10-11 13:49:07,2024-03-06 06:43:27
ethanol,3434,0.12,2024-06-06 07:47:17,2024-05-12 00:53:48
ethanol,208,0.03,2024-05-17 18:25:34,2023-01-14 09:49:36
ethanol,4193,1.15,2024-08-28 19:40:40,2023-07-21 12:39:29
petrol,2513,0.96,2023-08-18 01:05:40,2024-07-24 15:11:43
petrol,7924,1.67,2023-02-24 13:43:06,2024-09-10 22:48:36
diesel,4031,1.33,2023-04-06 01:55:04,2023-05-06 14:07:55
ethanol,4782,0.26,2024-08-31 04:08:51,2023-03-14 13:20:27
ethanol,1346,1.73,2024-06-05 02:21:03,2023-02-09 15:23:26
petrol,7058,0.98,2023-06-23 05:26:07,2023-05-21 18:21:16
diesel,9502,1.95,2024-04-26 17:49:32,2024-10-21 09:14:10
petrol,762,1.78,2023-02-10 11:31:21,2024-08-11 02:02:57
ethanol,1551,1.26,2025-01-22 03:42:20,2025-01-01 09:54:05
diesel,768,1.29,2023-07-26 01:15:23,2023-06-19 21:16:47
diesel,3635,1.68,2023-07-04 11:58:40,2023-09-23 04:19:37
petrol,2995,1.87,2023-06-20 16:18:52,2023-11-11 00:49:11
ethanol,9762,1.02,2024-10-15 11:16:50,2023-10-16 04:04:51
diesel,4133,0.26,2023-11-30 12:19:11,2023-07-26 06:04:37
petrol,4926,0.1,2024-09-07 16:29:40,2024-10-10 23:52:11
diesel,8599,1.55,2023-03-19 21:09:37,2023-09-14 14:45:10
diesel,6670,1.75,2023-03-04 14:11:29,2023-05-23 06:35:14
diesel,7139,1.52,2023-04-07 18:20:05,2023-10-06 05:35:37
ethanol,7657,0.47,2025-01-15 00:55:34,2024-11-25 06:58:42
ethanol,44,1.35,2024-02-26 22:29:23,2024-08-16 14:46:49
petrol,8037,0.32,2024-07-01 09:43:08,2024-04-20 12:02:21
ethanol,935,0.3,2023-01-10 04:30:39,2023-11-24 00:59:33
diesel,4127,1.57,2024-05-28 19:34:03,2024-09-21 01:40:15
ethanol,1925,1.48,2024-01-05 06:24:05,2024-03-13 19:06:37
diesel,2584,1.4,2023-09-18 15:16:49,2024-02-26 01:15:40
ethanol,2741,0.22,2025-01-06 15:16:17,2024-03-17 10:13:36
diesel,3626,1.78,2024-11-19 22:29:09,2024-10-06 20:26:23
diesel,7673,0.81,2023-04-14 10:21:23,2023-03-11 01:03:48
petrol,7484,1.7,2024-10-15 03:44:09,2024-07-10 02:11:54
diesel,6874,0.57,2024-05-05 21:08:16,2024-04-23 02:09:54
ethanol,7822,0.4,2025-01-18 12:58:38,2023-10-19 23:52:51
ethanol,5484,1.34,2023-07-25 18:51:23,2023-11-12 03:12:54
petrol,7585,0.83,2023-12-17 16:12:20,2024-10-20 22:35:58
ethanol,7589,0.73,2024-11-23 03:33:14,2023-05-19 11:10:14
petrol,2389,0.79,2023-10-04 19:47:30,2023-07-25 07:08:03
diesel,3504,1.62,2024-01-24 16:09:00,2024-07-04 17:23:49
ethanol,7135,1.01,2023-08-30 06:02:16,2023-02-12 02:44:14
petrol,9026,0.37,2023-12-12 07:58:14,2023-06-02 15:15:19
ethanol,1773,0.45,2024-08-05 06:25:28,2023-01-22 08:46:05
diesel,3372,0.59,2023-09-27 19:25:08,2023-10-30 02:21:42
petrol,8022,0.26,2024-08-11 12:57:16,2023-07-31 01:43:06
petrol,8346,0.34,2023-09-26 15:30:39,2024-02-14 06:03:58
ethanol,5103,0.33,2023-01-24 03:51:10,2023-07-19 16:58:15
ethanol,7411,1.89,2024-09-06 10:40:48,2023-11-25 20:10:56
petrol,8404,0.51,2023-05-16 23:49:04,2023-01-11 05:07:29
ethanol,4163,1.79,2023-07-06 17:37:54,2024-03-27 13:28:09
diesel,8321,1.9,2024-08-22 02:59:36,2024-04-10 21:26:17
ethanol,4904,1.56,2023-08-11 09:52:29,2023-12-31 13:26:13
petrol,140,1.31,2023-06-11 21:25:39,2024-03-25 11:39:18
ethanol,9530,0.78,2023-07-08 22:22:50,2025-01-03 08:12:04
petrol,3927,0.03,2024-07-05 09:57:48,2024-08-12 20:00:01
diesel,4111,0.57,2024-09-20 20:08:27,2023-11-28 14:57:50
ethanol,4979,1.09,2023-03-06 11:50:49,2024-07-01 09:37:21
diesel,9670,0.27,2024-12-03 07:30:19,2024-07-15 20:23:58
ethanol,1342,0.43,2023-10-04 04:17:11,2023-02-14 16:24:32
petrol,6788,0.42,2024-10-19 10:05:35,2023-01-07 14:04:55
petrol,7479,0.91,2024-08-24 21:28:26,2024-11-10 22:24:03
ethanol,2970,1.96,2023-02-15 17:34:03,2023-01-07 21:25:03
diesel,9828,1.74,2023-05-02 09:59:21,2023-04-06 04:28:59
ethanol,1328,1.4,2024-08-22 23:11:15,2023-09-11 17:19:02
petrol,8346,0.54,2024-10-24 22:15:05,2024-08-29 22:22:29
petrol,1262,0.43,2024-11-06 01:29:49,2023-10-07 04:09:58
petrol,7839,0.99,2023-06-23 14:48:24,2023-03-30 06:28:32
diesel,2338,1.71,2024-05-15 01:08:30,2023-06-09 10:35:08
diesel,2753,1.15,2023-10-07 22:03:53,2023-10-20 19:23:52
diesel,6613,1.9,2023-07-20 23:43:20,2023-06-26 22:23:21
ethanol,7738,1.02,2024-06-11 03:38:55,2025-01-24 11:47:30
petrol,7855,0.25,2024-11-16 09:56:05,2023-11-04 01:45:14
petrol,8088,0.59,2024-07-12 05:50:17,2024-11-05 01:35:22
petrol,4404,0.26,2024-08-10 03:35:10,2023-11-12 08:16:37
diesel,5197,0.06,2023-12-11 22:00:37,2024-10-24 21:39:48
diesel,9422,0.97,2024-01-29 12:19:51,2024-01-16 05:34:49
ethanol,3140,0.53,2024-05-10 19:47:26,2024-05-11 04:12:53
ethanol,1275,0.04,2024-12-11 01:06:07,2023-11-04 12:35:40
diesel,5425,0.91,2024-09-21 01:29:36,2024-01-14 16:10:06
petrol,8240,1.33,2024-09-10 16:47:09,2023-05-21 04:46:06
diesel,5101,0.49,2024-07-30 10:36:59,2023-09-04 22:12:55
diesel,8928,1.74,2024-07-22 12:42:10,2023-04-20 03:25:23
diesel,2597,1.36,2023-10-28 19:50:47,2024-04-26 17:09:20
ethanol,2053,1.49,2023-11-23 10:44:50,2023-05-18 18:34:06
ethanol,7945,0.54,2024-01-02 00:00:07,2023-05-16 00:49:07
diesel,2611,0.51,2023-11-26 22:48:38,2023-08-18 00:03:08
diesel,3927,0.66,2024-09-22 01:46:33,2025-01-10 01:04:47
ethanol,9844,0.62,2023-03-20 00:39:32,2023-10-16 00:26:22
petrol,903,1.37,2024-01-04 08:41:43,2024-06-03 15:54:47
diesel,6386,1.61,2023-03-14 04:31:00,2024-01-28 11:42:51
ethanol,1511,0.3,2024-02-14 11:39:15,2024-10-16 15:47:34
diesel,2312,0.18,2023-12-03 10:15:51,2023-04-17 18:14:38
petrol,1832,0.46,2024-04-10 14:52:01,2023-07-31 00:05:24
ethanol,9959,1.42,2023-02-26 19:35:52,2023-12-10 02:19:50
ethanol,3232,1.39,2024-05-10 00:17:16,2023-02-21 15:39:45
ethanol,2024,0.12,2025-01-20 14:27:34,2023-02-09 01:12:05
diesel,9308,0.57,2024-03-24 03:15:43,2024-11-27 12:39:04
diesel,6184,1.57,2023-05-09 12:15:09,2024-03-30 00:39:43
petrol,32,1.28,2023-12-27 20:17:42,2024-12-14 20:41:38
petrol,9509,1.5,2024-04-13 19:10:05,2023-12-31 12:17:30
petrol,1784,1.85,2023-04-08 19:53:15,2023-08-12 20:15:42
ethanol,7490,1.19,2023-06-16 11:32:04,2024-06-06 04:15:19
diesel,7795,1.94,2023-07-27 22:13:12,2023-06-14 18:12:41
ethanol,7880,0.72,2023-05-30 02:47:00,2024-04-06 10:45:00
ethanol,7537,1.44,2023-12-29 12:09:05,2023-08-09 22:00:04
ethanol,6319,0.11,2023-11-19 16:45:21,2024-06-29 18:39:08
petrol,7946,1.14,2024-05-06 12:54:35,2023-06-17 23:38:13
diesel,5460,0.96,2024-10-07 22:28:24,2024-11-17 12:34:37
ethanol,8645,0.98,2024-08-08 12:20:16,2023-01-26 22:07:09
petrol,664,1.18,2023-11-15 04:40:59,2024-03-25 22:53:58
petrol,1683,0.76,2024-10-27 13:55:46,2024-11-27 04:54:03
diesel,6963,0.47,2023-09-12 21:09:26,2023-08-29 21:17:12
ethanol,8687,0.71,2023-03-03 10:19:12,2024-12-23 18:16:08
diesel,7073,0.98,2023-03-22 21:01:59,2023-07-29 05:36:33
petrol,1850,1.11,2024-05-27 11:21:57,2023-07-20 15:21:37
diesel,6307,1.84,2023-03-13 02:10:34,2023-10-21 17:30:54
diesel,4268,0.95,2024-11-28 09:48:59,2023-09-29 11:50:10
diesel,7022,1.46,2023-12-25 08:46:41,2024-01-16 07:32:34
petrol,2354,0.47,2024-05-04 01:18:54,2023-11-28 00:59:41
ethanol,4736,1.7,2023-10-09 14:06:27,2023-08-19 03:56:12
petrol,251,0.39,2023-11-30 17:07:17,2023-02-13 13:01:22
ethanol,6403,0.04,2023-07-31 07:05:39,2023-01-29 23:29:19
ethanol,6064,1.48,2023-03-19 19:29:59,2024-03-03 04:53:40
ethanol,7216,1.43,2023-09-16 02:42:15,2023-08-03 11:29:49
ethanol,1498,0.23,2024-04-27 05:00:49,2023-10-19 07:20:56
ethanol,6932,1.37,2023-06-12 11:47:10,2023-07-22 18:01:39
petrol,8418,1.69,2023-04-24 23:16:41,2024-04-20 17:53:54
petrol,160,0.36,2023-07-13 04:51:22,2024-12-20 22:19:21
ethanol,589,0.11,2023-10-01 10:25:23,2023-09-18 20:09:28
ethanol,663,1.08,2023-04-20 01:09:57,2023-12-13 15:46:25
ethanol,3249,0.98,2023-02-27 20:41:32,2023-08-24 07:36:39
petrol,8555,1.98,2024-05-05 22:47:08,2024-03-03 10:09:33
diesel,343,0.42,2024-09-11 00:23:55,2023-08-28 07:37:46
petrol,5963,1.61,2023-01-03 05:44:14,2024-09-19 21:06:54
ethanol,1698,1.1,2023-12-23 15:44:30,2024-07-11 07:56:48
diesel,6958,1.87,2024-08-22 13:30:51,2024-11-01 09:52:44
petrol,2632,0.37,2024-09-23 17:34:00,2023-07-08 20:42:32
petrol,2039,0.69,2023-07-15 17:04:26,2024-06-04 09:36:24
ethanol,3556,1.7,2023-12-21 12:42:55,2023-05-09 19:37:43
diesel,5503,1.78,2024-01-03 17:55:07,2023-09-21 06:18:55
diesel,6536,0.34,2024-08-18 23:24:52,2024-01-10 11:11:17
petrol,2880,0.33,2023-07-25 15:12:18,2024-12-26 21:23:38
petrol,9815,1.53,2024-06-17 11:42:44,2023-06-23 17:28:01
petrol,1507,0.53,2024-08-14 06:57:34,2023-03-13 06:40:46
petrol,630,0.96,2024-05-04 04:52:01,2025-01-10 14:25:47
diesel,1250,0.82,2024-03-28 18:18:55,2024-01-21 01:53:57
diesel,8402,0.96,2023-12-11 19:22:58,2024-11-10 10:07:49
ethanol,9671,0.78,2025-01-03 03:40:44,2023-11-20 09:10:48
petrol,3846,1.52,2024-03-05 21:04:58,2023-02-24 19:43:39
diesel,3449,1.62,2024-11-09 04:15:56,2024-09-14 19:31:40
ethanol,3210,0.2,2023-08-27 07:55:22,2023-12-10 20:40:42
ethanol,9429,0.89,2023-09-01 03:27:50,2023-12-26 09:49:34
diesel,8374,1.24,2023-03-16 02:06:47,2023-04-30 17:40:20
diesel,2138,1.46,2023-04-22 05:52:18,2023-11-25 23:53:26
ethanol,6809,1.17,2023-01-08 17:32:27,2024-03-08 05:08:53
diesel,5251,1.28,2024-03-05 12:08:24,2023-11-13 00:06:06
diesel,3950,1.66,2024-06-28 03:40:43,2023-02-17 20:24:56
diesel,8113,1.58,2024-04-21 09:46:22,2023-10-17 07:43:35
petrol,1718,0.14,2023-08-30 04:32:40,2023-03-31 19:00:07
petrol,8003,0.97,2023-04-16 22:33:07,2024-04-25 22:13:35
petrol,2531,0.38,2024-11-11 00:26:12,2023-03-18 04:57:16
ethanol,6219,1.61,2023-02-25 22:25:29,2024-03-13 23:34:32
petrol,2579,1.77,2024-04-16 13:16:21,2023-11-17 05:32:13
petrol,4091,1.05,2023-10-23 23:51:11,2023-08-08 14:57:08
petrol,6034,0.15,2023-08-22 16:24:24,2024-11-10 03:00:45
ethanol,3083,0.25,2024-11-17 14:46:15,2024-11-17 03:15:40
petrol,9532,1.16,2024-12-09 11:56:26,2023-08-03 00:21:26
diesel,8857,0.44,2023-05-25 18:38:11,2023-05-14 16:06:33
petrol,2839,0.28,2025-01-23 02:05:10,2023-05-03 06:56:45
diesel,6811,1.42,2023-10-21 21:53:32,2023-11-29 16:50:28
petrol,4502,1.57,2023-09-13 15:50:53,2023-11-14 16:14:07
diesel,6347,1.77,2024-09-08 18:51:49,2023-10-27 05:28:10
petrol,9463,0.46,2023-02-10 15:02:55,2024-01-31 15:14:22
diesel,8196,0.46,2024-01-17 06:35:16,2024-08-25 23:30:20
diesel,106,1.14,2024-01-12 04:04:53,2023-03-16 09:52:11
ethanol,3003,1.94,2024-05-11 13:46:41,2023-03-14 11:57:35
ethanol,5723,1.92,2024-09-23 14:50:17,2023-11-10 01:53:36
petrol,2423,0.69,2023-12-18 16:58:30,2024-04-04 19:52:23
ethanol,2405,1.25,2024-10-20 05:45:21,2023-05-20 15:49:34
petrol,1225,1.51,2024-09-16 00:10:03,2024-03-25 17:28:15
ethanol,146,1.69,2024-01-17 15:46:17,2024-02-22 15:03:02
ethanol,7846,0.33,2024-09-11 09:03:56,2023-09-27 00:44:54
petrol,5043,0.47,2023-06-27 06:50:42,2023-08-26 09:21:04
petrol,4699,0.43,2023-11-11 09:53:18,2024-10-16 23:18:00
diesel,4392,1.67,2024-04-30 01:40:18,2024-11-30 09:01:07
diesel,2209,1.78,2023-11-13 10:23:29,2024-01-11 03:08:32
ethanol,754,1.94,2023-02-03 19:10:51,2023-01-17 00:08:20
petrol,1777,1.51,2024-05-16 14:29:29,2024-10-12 20:34:06
ethanol,9636,0.12,2024-10-05 04:08:06,2024-05-31 23:39:56
ethanol,3259,0.25,2024-03-30 00:21:13,2024-12-07 14:59:12
ethanol,6537,0.66,2024-02-26 14:08:04,2024-06-07 12:29:49
diesel,31,1.19,2023-12-09 07:09:57,2024-02-29 04:48:12
diesel,695,0.63,2024-06-16 03:14:01,2023-07-07 06:26:28
ethanol,6418,0.09,2024-05-26 15:26:51,2024-01-21 10:30:44
ethanol,5942,0.4,2025-01-13 06:22:54,2023-01-18 05:34:30
diesel,4419,1.04,2023-07-30 12:31:28,2024-05-18 15:11:42
ethanol,467,0.61,2024-01-24 07:56:50,2023-05-20 10:13:31
ethanol,7336,1.77,2024-05-30 06:25:41,2023-09-19 02:00:10
diesel,5461,0.85,2024-03-13 13:54:37,2024-05-26 18:52:27
petrol,4362,1.92,2023-04-05 13:12:48,2023-11-18 06:35:13
diesel,3746,0.37,2023-12-29 07:19:14,2023-05-29 21:45:37
diesel,5534,0.15,2024-01-29 18:55:38,2024-01-18 01:39:40
ethanol,8005,1.06,2023-10-20 17:22:27,2023-03-21 08:38:37
petrol,6945,1.0,2024-11-20 18:19:42,2024-04-05 10:45:03
diesel,2669,0.9,2024-03-20 04:18:48,2023-11-30 22:13:59
petrol,1992,1.62,2024-04-06 05:19:11,2023-03-04 09:53:29
diesel,8938,1.22,2023-05-14 10:07:00,2023-04-22 18:55:40
ethanol,7782,1.23,2024-10-06 20:43:57,2024-08-06 15:59:45
petrol,3308,0.42,2024-06-02 10:54:32,2023-07-09 05:34:18
diesel,2602,0.4,2024-02-07 15:54:05,2023-10-07 18:08:14
ethanol,2977,1.12,2024-08-29 15:53:12,2023-04-29 11:59:53
petrol,9275,0.47,2024-06-10 00:51:49,2023-06-19 11:49:20
diesel,2371,0.74,2023-07-09 23:17:31,2024-04-04 07:34:03
diesel,2506,0.17,2024-06-26 00:12:11,2024-06-19 10:51:51
ethanol,2929,0.72,2024-10-27 08:51:06,2023-01-23 14:32:10
diesel,6674,1.96,2024-02-16 21:15:40,2024-12-09 20:50:42
diesel,2524,0.89,2024-10-15 03:09:40,2025-01-03 12:01:05
ethanol,2513,0.24,2023-05-21 19:58:17,2024-08-24 13:05:11
ethanol,9835,0.93,2023-06-19 19:28:40,2023-05-20 17:04:20
petrol,158,0.34,2024-04-16 23:00:33,2023-10-30 08:28:14
ethanol,5398,1.16,2024-06-25 21:20:41,2024-06-17 16:43:01
diesel,5898,0.01,2023-08-02 13:30:13,2023-04-23 01:53:59
diesel,4541,1.88,2024-04-16 10:24:58,2023-11-01 23:50:45
ethanol,9805,0.55,2024-07-01 16:36:54,2023-11-02 02:45:29
petrol,8677,0.03,2023-01-11 05:48:03,2023-07-08 13:46:25
ethanol,4294,0.62,2024-02-21 01:37:06,2024-10-18 20:10:29
diesel,913,0.12,2024-09-05 13:48:25,2024-07-09 16:57:03
diesel,1045,0.14,2023-05-01 07:59:02,2023-02-16 06:12:44
diesel,8856,1.64,2023-02-28 18:07:48,2024-08-24 16:07:22
petrol,3472,1.48,2025-01-14 14:47:31,2024-11-19 12:14:46
ethanol,8392,1.0,2023-08-02 02:29:05,2025-01-17 21:42:49
ethanol,4004,1.25,2023-10-15 15:39:50,2024-02-29 13:05:25
diesel,4437,1.95,2024-05-30 14:24:13,2023-04-26 15:24:59
diesel,9921,0.97,2024-04-06 04:49:34,2023-08-01 18:23:32
petrol,7859,1.08,2023-09-16 01:26:43,2024-01-31 20:53:48
petrol,2023,0.57,2023-03-24 05:35:01,2023-05-16 01:24:18
ethanol,9888,1.96,2024-05-18 22:00:07,2023-09-06 10:34:15
diesel,7805,1.41,2023-10-15 16:02:25,2024-04-30 17:49:08
diesel,5654,1.24,2023-07-22 08:50:57,2024-05-15 11:54:24
diesel,9775,0.9,2024-10-13 08:08:49,2023-11-02 22:15:39
ethanol,1855,1.09,2024-05-13 23:57:37,2023-03-15 11:17:48
diesel,1237,0.13,2023-09-11 00:53:59,2023-03-21 12:54:22
ethanol,3416,0.05,2023-12-23 17:57:30,2023-09-12 09:15:12
ethanol,5290,0.14,2024-09-02 16:20:41,2024-07-09 12:52:50
diesel,4170,1.69,2024-09-24 17:15:35,2025-01-15 20:09:48
ethanol,4479,0.02,2024-02-05 02:37:24,2024-07-03 01:54:10
petrol,2200,0.43,2023-02-13 05:27:45,2024-03-21 06:06:22
petrol,5421,0.55,2023-03-19 01:31:08,2023-11-14 14:56:12
ethanol,9158,1.83,2023-02-27 00:29:57,2024-08-22 00:25:23
diesel,9657,1.24,2025-01-18 05:26:18,2023-10-16 18:40:10
petrol,1050,1.97,2024-11-11 13:51:46,2023-08-03 22:00:52
diesel,3805,0.83,2024-12-17 09:25:12,2024-07-29 14:10:56
petrol,3735,1.56,2023-09-29 04:58:03,2023-05-13 14:41:31
diesel,8343,1.75,2024-01-22 08:39:29,2023-10-22 04:28:13
petrol,1875,1.39,2024-06-05 12:58:50,2023-01-09 15:41:27
ethanol,1298,0.88,2024-05-21 02:22:51,2023-05-20 03:27:38
ethanol,1518,0.2,2024-06-22 14:09:00,2024-01-17 03:20:15
ethanol,8577,1.37,2023-03-23 06:37:18,2023-04-13 10:37:13
petrol,4048,1.63,2024-02-08 11:50:27,2023-12-19 09:02:47
ethanol,5456,0.58,2023-02-28 06:45:54,2023-03-14 03:34:23
diesel,3578,1.83,2023-10-13 17:32:59,2024-08-17 23:09:51
diesel,8058,1.15,2025-01-15 13:48:33,2023-10-06 19:11:56
ethanol,9930,1.36,2024-08-08 09:12:00,2023-01-07 01:47:21
petrol,142,0.3,2023-07-25 23:36:21,2024-06-19 19:31:56
ethanol,7495,0.28,2024-06-26 08:03:17,2023-12-25 21:25:07
diesel,7784,0.02,2024-02-23 05:28:01,2023-08-12 08:50:14
ethanol,2318,1.42,2024-01-03 13:12:51,2023-04-02 08:55:26
diesel,7668,1.39,2024-08-21 22:55:49,2023-02-16 12:48:10
diesel,9227,1.1,2023-05-27 11:47:00,2024-04-07 10:37:31
ethanol,5321,0.12,2024-02-13 08:56:12,2023-11-25 14:50:58
diesel,9165,1.51,2024-12-08 19:18:51,2023-03-22 23:39:20
ethanol,8610,0.29,2023-01-16 15:09:31,2024-09-10 06:15:37
petrol,8203,0.43,2024-09-16 03:11:51,2023-07-14 00:29:40
diesel,4592,1.2,2023-04-23 14:29:57,2023-04-14 15:46:53
petrol,2258,1.93,2023-01-30 00:53:20,2023-08-28 14:38:06
ethanol,6342,0.87,2023-05-23 09:39:57,2024-11-13 08:54:03
petrol,5903,1.57,2023-12-30 08:00:16,2023-09-02 00:05:52
petrol,4898,0.87,2024-05-15 21:59:24,2023-11-07 12:00:35
diesel,1902,0.91,2023-04-15 21:03:51,2023-06-08 04:24:59
diesel,5381,0.93,2024-04-16 16:42:27,2023-04-15 19:36:54
diesel,3363,1.33,2023-03-13 11:14:58,2023-03-11 10:58:13
ethanol,3398,0.06,2024-07-15 08:15:35,2023-11-29 18:21:11
petrol,9910,1.9,2023-07-11 19:02:22,2024-04-25 02:27:51
petrol,4136,0.16,2024-08-01 11:34:53,2025-01-15 05:23:44
ethanol,2372,1.04,2024-07-07 04:50:48,2024-02-02 21:46:51
ethanol,7306,1.39,2023-10-05 17:37:15,2023-06-07 15:29:34
diesel,3582,0.2,2023-08-28 17:15:34,2023-07-23 06:41:19
petrol,1162,0.24,2023-08-02 03:56:13,2025-01-27 18:19:59
diesel,190,0.68,2024-09-28 09:09:31,2024-08-20 10:53:53
diesel,7384,1.24,2024-02-02 11:54:33,2024-09-03 06:41:57
diesel,434,1.77,2024-01-29 20:01:42,2024-02-08 21:03:13
petrol,8862,0.71,2024-08-22 08:58:57,2023-06-23 19:18:12
petrol,8854,1.88,2024-05-13 18:52:14,2023-04-30 18:43:38
ethanol,4693,0.49,2024-05-22 06:36:29,2023-08-07 21:32:52
petrol,7964,1.76,2023-01-05 14:44:26,2024-08-29 23:56:04
diesel,8811,1.91,2024-07-29 11:35:26,2024-04-13 13:26:13
ethanol,1510,0.6,2023-05-12 18:30:46,2024-08-06 12:53:10
diesel,9914,1.41,2023-03-29 13:52:05,2025-01-26 21:20:16
petrol,1916,0.14,2023-08-12 15:19:34,2023-10-03 22:59:14
petrol,4554,1.57,2024-07-18 01:15:56,2023-04-23 12:56:49
petrol,7117,0.77,2024-10-11 13:48:16,2024-04-03 09:47:10
ethanol,5969,0.39,2024-06-08 04:29:09,2024-02-27 23:13:39
petrol,9799,1.59,2024-01-07 17:27:34,2024-03-29 01:34:21
diesel,5144,1.86,2023-06-06 11:49:51,2024-09-12 04:35:59
diesel,1358,1.65,2023-06-10 09:23:01,2023-01-06 10:41:56
ethanol,3560,2.0,2024-02-23 19:24:25,2023-03-02 12:22:42
petrol,5484,0.68,2023-07-05 10:24:23,2023-07-27 23:48:20
petrol,2889,1.63,2023-07-11 05:28:02,2024-07-15 07:33:04
diesel,6381,0.77,2024-11-10 18:10:54,2024-07-15 23:02:19
petrol,7397,1.99,2023-10-01 20:48:58,2024-04-24 20:04:30
ethanol,2704,1.65,2023-04-18 04:19:57,2024-12-08 20:12:13
petrol,3570,1.81,2024-04-09 09:23:06,2023-09-10 08:56:45
ethanol,8744,1.86,2023-12-01 10:53:48,2023-10-14 11:31:10
diesel,2343,1.94,2024-04-16 10:16:16,2023-04-09 21:03:32
ethanol,2696,1.08,2023-08-27 11:17:13,2023-10-25 22:32:13
diesel,118,1.5,2024-04-30 22:51:25,2025-01-10 05:28:37
diesel,5947,0.81,2024-03-13 19:06:55,2024-10-28 01:55:10
petrol,3376,1.12,2024-05-27 15:01:01,2023-05-21 14:24:31
diesel,7167,0.0,2024-07-07 19:09:45,2023-12-19 11:14:50
petrol,1862,1.39,2023-04-28 01:11:30,2023-10-20 16:24:08
ethanol,9016,0.28,2024-08-13 12:03:54,2024-12-04 07:23:29
ethanol,7120,1.08,2023-04-30 03:22:31,2023-09-24 13:37:09
petrol,6815,0.59,2024-08-09 04:56:16,2023-05-09 03:37:02
ethanol,4238,1.03,2023-03-03 18:05:57,2023-07-22 03:16:54
ethanol,7195,1.71,2023-04-18 00:14:14,2023-02-26 09:12:17
petrol,640,0.35,2023-12-03 05:39:35,2024-10-15 15:56:38
petrol,116,1.36,2023-07-23 18:51:07,2024-09-19 02:56:02
diesel,7893,0.47,2023-07-27 07:01:17,2024-01-14 03:44:21
diesel,9800,0.06,2023-05-10 13:13:51,2023-03-13 22:31:34
petrol,4562,1.54,2023-07-15 00:35:24,2023-04-25 12:00:40
ethanol,2458,1.41,2023-01-21 20:41:47,2024-05-14 09:26:49
petrol,2568,1.06,2023-11-04 23:17:04,2024-12-16 08:18:24
petrol,418,1.68,2024-08-28 22:46:59,2025-01-09 09:05:43
ethanol,8571,0.6,2024-01-25 13:09:21,2023-04-19 22:44:34
ethanol,8137,1.67,2023-04-07 14:55:25,2024-07-28 09:51:29
petrol,1950,1.81,2023-07-18 15:48:41,2023-04-03 16:30:40
diesel,4978,1.88,2024-12-30 04:52:39,2024-08-08 07:30:46
ethanol,6026,1.66,2023-10-11 02:19:59,2023-10-25 23:29:44
ethanol,2612,0.28,2024-05-04 16:51:49,2024-06-11 21:12:36
petrol,6989,1.76,2024-07-02 23:17:44,2024-11-16 19:46:53
diesel,4651,0.38,2023-06-23 01:00:36,2023-05-16 10:06:22
ethanol,7748,0.74,2024-12-30 04:41:15,2023-03-22 19:37:10
diesel,5580,0.34,2024-02-03 17:06:20,2023-02-10 11:12:23
ethanol,5116,1.63,2023-08-26 15:37:42,2023-05-14 15:50:14
petrol,1506,0.44,2023-11-25 11:53:47,2024-11-03 14:05:37
petrol,1091,0.07,2024-12-13 19:01:53,2023-08-18 01:00:23
petrol,7583,0.61,2024-06-04 15:33:32,2024-09-23 13:53:19
ethanol,7282,0.7,2024-06-02 00:57:54,2024-04-05 21:21:00
ethanol,7971,0.44,2023-10-17 16:30:11,2023-07-12 22:56:48
petrol,3114,0.8,2023-09-26 22:46:13,2024-08-30 10:48:19
diesel,8010,1.4,2024-12-15 20:43:10,2024-03-12 14:57:35
petrol,4663,1.11,2024-09-02 08:01:59,2023-07-19 23:09:23
petrol,77,0.22,2024-02-16 12:16:56,2024-12-04 10:30:20
petrol,9724,0.03,2023-09-25 04:10:47,2023-01-22 17:44:52
ethanol,4876,0.07,2023-12-01 19:00:07,2023-02-26 13:22:13
diesel,4530,0.99,2025-01-27 11:02:09,2023-01-23 12:29:57
ethanol,4797,1.06,2024-02-05 23:52:52,2023-09-13 09:06:19
diesel,1628,0.26,2023-10-09 11:22:35,2024-12-18 00:14:54
ethanol,7589,0.02,2024-10-22 18:01:34,2023-03-01 02:48:38
ethanol,1727,0.6,2023-10-09 15:15:53,2023-05-30 13:47:10
petrol,8862,0.89,2023-07-04 10:47:32,2024-12-16 21:40:06
diesel,8982,0.18,2023-11-13 04:55:40,2023-08-23 17:44:24
diesel,4786,0.12,2023-05-16 22:26:35,2023-06-16 20:20:18
petrol,1477,1.06,2023-03-06 05:08:19,2023-10-14 15:40:49
ethanol,9421,0.54,2023-01-31 17:58:24,2023-01-19 02:52:48
diesel,9472,0.37,2023-09-29 01:17:33,2023-08-22 22:37:19
petrol,7714,1.78,2024-08-24 19:22:18,2023-04-01 18:25:28
ethanol,651,0.81,2024-03-04 08:18:50,2023-10-02 23:26:54
petrol,7645,0.1,2023-08-23 06:04:51,2024-12-15 23:31:31
petrol,8741,1.31,2024-04-16 18:05:57,2023-09-19 21:58:21
petrol,4519,0.69,2024-08-23 19:19:30,2023-11-26 22:10:32
petrol,7780,1.79,2023-09-09 12:00:20,2023-04-09 03:51:21
diesel,7340,0.32,2024-10-18 11:37:17,2024-05-20 05:01:35
petrol,1879,1.38,2023-05-20 08:38:16,2024-07-22 10:18:01
diesel,3323,1.21,2023-01-06 08:07:11,2024-05-03 07:02:17
diesel,7899,1.48,2024-12-15 03:00:08,2024-10-13 01:05:35
ethanol,4170,0.5,2024-08-05 14:28:09,2024-09-02 21:05:11
ethanol,4677,1.53,2023-12-03 06:48:25,2024-01-08 01:16:25
petrol,9211,0.54,2023-12-19 22:37:26,2023-07-19 05:55:49
ethanol,4142,1.19,2023-12-04 08:35:41,2024-06-19 10:13:19
petrol,6012,1.75,2024-06-13 03:20:10,2024-10-14 00:13:45
petrol,3431,0.85,2023-04-21 20:13:42,2024-06-03 08:13:06
diesel,1653,0.99,2024-06-09 13:41:44,2023-02-27 15:41:25
ethanol,2752,0.77,2024-09-24 19:03:16,2024-06-14 16:56:54
petrol,3650,1.21,2024-04-16 11:29:45,2023-06-08 14:42:32
petrol,3592,0.63,2023-08-03 20:04:37,2023-05-05 04:33:52
ethanol,9569,0.97,2023-03-10 09:26:49,2024-03-24 05:17:46
petrol,3731,0.27,2023-09-15 04:42:47,2025-01-06 06:30:38
ethanol,4821,0.16,2023-01-03 18:18:47,2024-04-19 19:40:06
petrol,863,1.37,2023-05-23 01:28:04,2024-02-12 05:28:51
ethanol,6429,0.36,2023-02-05 20:28:53,2023-09-07 08:20:53
ethanol,8121,1.92,2023-08-05 14:04:35,2024-03-15 17:41:02
petrol,3495,1.21,2023-08-05 16:31:48,2024-12-09 15:03:51
petrol,5823,0.94,2024-06-08 03:08:46,2023-11-11 04:52:43
petrol,289,1.83,2023-03-17 05:57:39,2024-09-28 14:50:37
petrol,2053,0.84,2024-11-06 15:20:36,2023-11-28 14:05:15
ethanol,6803,1.72,2024-06-26 22:53:45,2024-03-09 15:47:10
diesel,1764,0.53,2023-05-13 20:37:18,2024-02-09 05:41:11
diesel,7925,0.52,2023-08-31 22:13:23,2023-02-01 21:04:47
ethanol,6292,1.45,2024-08-10 20:30:20,2024-01-13 05:01:06
petrol,7590,0.82,2023-05-05 22:11:44,2024-12-22 12:15:07
ethanol,958,1.59,2024-02-07 13:48:02,2023-12-11 11:50:09
diesel,3914,1.97,2023-01-10 15:18:42,2024-09-26 23:04:59
petrol,9043,1.89,2023-05-21 20:03:23,2024-08-15 08:57:40
ethanol,8080,0.29,2024-04-02 20:56:48,2023-02-18 11:44:29
diesel,2356,0.55,2024-09-11 14:51:21,2023-06-14 14:57:04
ethanol,6202,0.25,2024-03-03 19:56:40,2025-01-02 01:07:18
ethanol,4937,1.43,2024-05-14 01:10:03,2023-05-15 13:38:56
petrol,1917,0.97,2024-06-14 20:45:01,2023-04-25 14:15:26
diesel,1632,1.03,2023-10-18 05:38:07,2023-08-14 14:55:36
ethanol,7494,0.0,2023-01-12 18:51:29,2024-11-10 10:39:23
petrol,3833,1.97,2024-06-11 07:55:49,2024-06-07 09:15:14
ethanol,6322,0.17,2024-12-15 23:29:02,2023-07-21 03:55:42
diesel,504,1.58,2024-12-31 14:51:45,2025-01-13 09:47:26
petrol,426,1.72,2024-07-09 23:06:45,2024-05-01 03:16:56
petrol,5430,1.66,2024-07-06 17:49:11,2024-05-17 14:36:41
petrol,7508,1.58,2024-04-06 23:09:21,2023-01-22 04:18:04
petrol,5879,0.22,2024-08-19 09:18:51,2024-12-16 17:29:37
ethanol,6176,1.85,2023-09-11 21:40:59,2023-02-24 00:48:26
petrol,7852,1.47,2023-02-04 16:46:18,2023-06-01 21:32:45
petrol,3903,1.85,2023-09-17 15:18:41,2023-10-04 17:12:56
diesel,1723,1.33,2023-06-02 12:19:44,2024-09-23 13:13:53
ethanol,8413,1.09,2024-07-29 04:23:58,2024-11-15 03:51:30
diesel,7943,1.3,2023-08-20 04:25:06,2024-10-22 03:10:35
petrol,8753,0.93,2023-04-21 08:09:32,2024-05-30 16:51:01
petrol,9370,1.96,2023-09-15 18:25:12,2023-07-07 03:58:12
diesel,8534,1.19,2025-01-17 17:03:45,2024-06-22 15:04:17
ethanol,2235,1.73,2023-11-28 02:32:26,2024-10-17 20:47:07
diesel,3482,1.61,2024-02-16 00:02:48,2024-01-06 17:34:53
ethanol,8458,0.16,2025-01-04 00:50:42,2024-10-29 17:05:24
ethanol,1220,1.76,2024-02-25 22:41:03,2024-10-05 12:12:23
petrol,3921,0.98,2024-05-29 12:49:58,2023-04-30 16:03:58
diesel,4174,1.73,2023-02-10 04:08:09,2024-11-28 11:23:03
petrol,7103,1.87,2024-12-02 17:50:19,2024-08-06 02:15:05
diesel,4686,0.06,2024-12-04 23:17:54,2024-09-01 02:41:03
ethanol,9275,1.53,2023-04-07 05:14:41,2024-12-14 21:10:22
petrol,4045,1.18,2024-03-02 06:23:14,2023-07-04 00:36:06
ethanol,4689,0.07,2023-12-23 00:11:35,2023-12-02 00:48:00
petrol,4407,1.93,2024-03-04 21:18:50,2025-01-02 20:36:21
diesel,9589,0.03,2024-01-14 02:17:40,2024-03-20 04:11:04
diesel,8198,0.64,2024-11-20 08:35:12,2024-11-23 21:14:12
diesel,1727,0.9,2023-08-30 23:12:01,2024-09-04 02:28:53
ethanol,1062,1.69,2023-10-18 20:20:12,2023-05-05 01:17:39
diesel,4745,0.82,2024-04-25 10:18:35,2023-03-11 06:56:55
ethanol,4582,0.21,2024-11-06 00:35:55,2024-07-26 01:45:54
petrol,6976,0.93,2023-08-25 17:33:46,2023-12-27 07:10:20
ethanol,6113,1.77,2023-09-29 16:20:26,2023-08-23 21:23:27
ethanol,3225,1.56,2023-02-22 19:30:42,2024-08-18 02:56:56
ethanol,7416,1.51,2024-11-17 14:15:37,2023-03-27 22:50:03
ethanol,211,1.3,2024-08-23 04:48:48,2024-04-22 18:57:49
diesel,5605,0.15,2023-02-07 14:05:49,2024-08-25 16:58:58
petrol,6452,0.03,2023-10-29 00:37:52,2023-06-24 07:15:58
diesel,688,1.38,2023-07-07 07:49:14,2023-04-10 03:26:06
petrol,9191,1.96,2023-02-09 09:31:27,2023-07-24 03:20:11
diesel,6378,0.49,2025-01-21 22:57:19,2024-05-12 10:03:13
diesel,8805,0.71,2023-06-07 13:44:25,2023-11-15 02:08:45
petrol,8835,0.33,2024-03-14 11:34:55,2023-08-04 16:27:42
ethanol,3653,1.43,2024-10-13 11:03:34,2023-04-18 01:50:26
petrol,2559,1.54,2024-05-28 18:28:20,2023-07-02 15:46:05
diesel,356,1.64,2024-10-22 14:55:58,2024-04-11 05:52:48
petrol,7062,0.04,2024-08-12 20:54:22,2024-07-24 17:31:41
diesel,752,1.0,2024-01-04 19:47:25,2023-07-02 18:34:09
ethanol,8661,1.35,2024-05-07 07:25:09,2024-10-31 02:08:19
diesel,8591,0.27,2023-08-24 20:32:36,2024-08-22 13:06:27
petrol,4444,1.23,2024-05-15 06:05:31,2023-02-09 17:23:26
diesel,1066,0.92,2024-12-12 13:14:45,2024-05-05 11:56:35
diesel,7481,1.49,2023-08-31 21:14:27,2024-01-06 03:18:38
diesel,8310,0.3,2024-03-20 04:55:47,2023-08-18 05:32:24
diesel,8217,0.15,2024-11-10 23:14:40,2023-12-30 12:10:07
ethanol,5572,1.82,2024-04-03 13:27:04,2023-11-10 12:38:24
diesel,3748,1.13,2024-02-29 21:03:09,2023-05-28 01:01:46
ethanol,8959,1.82,2023-03-02 17:05:32,2023-11-21 16:26:52
petrol,2733,1.24,2024-03-18 12:43:29,2023-01-29 15:47:38
petrol,4784,0.18,2025-01-28 15:13:25,2024-03-06 11:09:42
